model,group,articles,accuracy,macro_f1
Naive Bayes,lowest,1826,0.8729,0.6595
Naive Bayes,low,1830,0.8661,0.6494
Naive Bayes,high,1821,0.8666,0.6662
Naive Bayes,highest,1826,0.8642,0.7257
Logistic Regression,lowest,1826,0.9036,0.823
Logistic Regression,low,1830,0.8792,0.7752
Logistic Regression,high,1821,0.8858,0.8078
Logistic Regression,highest,1826,0.8888,0.8311
BiLSTM,lowest,1826,0.8998,0.828
BiLSTM,low,1830,0.8803,0.7857
BiLSTM,high,1821,0.8918,0.8331
BiLSTM,highest,1826,0.8729,0.8091
TextCNN,lowest,1826,0.8866,0.7994
TextCNN,low,1830,0.865,0.7698
TextCNN,high,1821,0.8649,0.7854
TextCNN,highest,1826,0.8653,0.7959
AfriBERTa,lowest,1826,0.9398,0.8826
AfriBERTa,low,1830,0.9219,0.8469
AfriBERTa,high,1821,0.9264,0.8704
AfriBERTa,highest,1826,0.9113,0.8683
